node1,node2,edge
1133,2389,0.41078137700810785
1133,3211,0.42649833789363095
1133,4413,0.4939808481925058
1133,4441,0.45386006053807454
1133,4442,0.41150080759896956
1133,4451,0.4802125304931686
1133,4461,0.45372935518503543
1133,4471,0.5071679722207592
1133,4529,0.44365127847172736
1133,4842,0.421018185464402
1133,5221,0.44159265895861394
1133,6212,0.4180423687788833
1133,6213,0.40523498569699146
1133,7225,0.4668295586271385
1133,8111,0.47167269389522887
1133,8131,0.45235977677515254
1141,3117,0.41295900355876125
1141,4872,0.47573823119940334
1151,4245,0.40330819835913134
1151,4249,0.4275568028886647
2111,2131,0.713226824170549
2131,5324,0.4082011710207692
2361,2362,0.4670752607817494
2361,2371,0.4209829237086757
2361,2381,0.653513078804505
2361,2382,0.6479474778862745
2361,2383,0.5943048131582626
2361,2389,0.7141028313596677
2361,4238,0.46246134191108124
2361,4249,0.4625751554575269
2361,4411,0.5968727369222447
2361,4412,0.48578813330511006
2361,4413,0.7111728268289321
2361,4421,0.4002672971690972
2361,4422,0.4382769570916733
2361,4431,0.45783476810767604
2361,4441,0.6921105067594109
2361,4442,0.5876944304260088
2361,4451,0.6942492637255544
2361,4452,0.43794175713143285
2361,4453,0.4875907027278953
2361,4461,0.6142931677749589
2361,4471,0.7373298673798663
2361,4511,0.46660159434676485
2361,4529,0.49713431844414324
2361,4531,0.42876808033819447
2361,4532,0.48039366271218586
2361,4533,0.4498809312679946
2361,4539,0.5504207163061762
2361,4543,0.5991063810802424
2361,4841,0.5345839869686319
2361,4842,0.6074865945624152
2361,5221,0.6620358361671672
2361,5242,0.577322178774702
2361,5311,0.5026472559476723
2361,5312,0.5627858622963595
2361,5322,0.45141442595016906
2361,5412,0.43481413967170934
2361,5419,0.6582678471351497
2361,5617,0.5347663061423407
2361,6116,0.4217680600490993
2361,6211,0.4799633375341874
2361,6212,0.6827664145005824
2361,6213,0.6919418903128544
2361,6214,0.44220954132835405
2361,6231,0.4611945514783126
2361,6232,0.4191052882542237
2361,6233,0.5101018768672804
2361,6241,0.5254634222661706
2361,6244,0.6019360332304649
2361,7139,0.6236499355959608
2361,7211,0.5201844645574436
2361,7212,0.49595630056540607
2361,7224,0.5576707956283535
2361,7225,0.7350915926500066
2361,8111,0.749909199389694
2361,8113,0.4275766282642185
2361,8114,0.44026389818620565
2361,8121,0.4986725664927232
2361,8122,0.5302747896700962
2361,8131,0.6910797245060589
2361,8133,0.40225115551528795
2361,8134,0.5416582212932837
2361,8139,0.4330724399860681
2362,2381,0.5022649873318885
2362,2382,0.5400698984839221
2362,2383,0.40401546498701685
2362,2389,0.4807041512760297
2362,4238,0.48486531677876
2362,4249,0.41477646979139954
2362,4411,0.5387201695334816
2362,4412,0.45460373230770934
2362,4413,0.5627140667655584
2362,4421,0.43094320526298346
2362,4431,0.44898685326562005
2362,4441,0.5464865179164716
2362,4442,0.5021503646526186
2362,4451,0.46644865368453287
2362,4461,0.49561481833443993
2362,4471,0.5465768214549513
2362,4511,0.41063894520498795
2362,4529,0.46631909618698686
2362,4531,0.4327144281012072
2362,4532,0.41054692288528827
2362,4533,0.4391103615121489
2362,4539,0.45554876524407567
2362,4543,0.45005018689439524
2362,4841,0.45437686552918416
2362,4842,0.48211401129241205
2362,5221,0.5070778448663623
2362,5322,0.4271275873624199
2362,5419,0.44391822844022405
2362,6211,0.42832219528023635
2362,6212,0.5064352348784004
2362,6213,0.4897411048268097
2362,6214,0.41453688509038344
2362,6231,0.46825222715305187
2362,6233,0.4202470291559558
2362,6241,0.4124804961925163
2362,6244,0.46311150512863547
2362,7139,0.4067620749242993
2362,7225,0.5411473173460738
2362,8111,0.5524051902082376
2362,8113,0.443330165175028
2362,8122,0.46935164549093233
2362,8131,0.5438053173681511
2362,8134,0.4058106649871249
2371,2381,0.4794606189956259
2371,2382,0.4867013158366406
2371,2389,0.5147880710953956
2371,4238,0.42915196462253735
2371,4411,0.47587967037306916
2371,4412,0.4258735326876614
2371,4413,0.5332028065530393
2371,4441,0.49672683651236627
2371,4442,0.4786425868999704
2371,4451,0.4408602993300276
2371,4461,0.44936409428692725
2371,4471,0.5136919909815174
2371,4529,0.43378114576214394
2371,4539,0.41145806825804954
2371,4543,0.4180781357979006
2371,4842,0.44826640989623584
2371,5221,0.4372346446047727
2371,5419,0.4400157248903057
2371,6212,0.4822344000423219
2371,6213,0.46144484585030904
2371,6244,0.4376661639786251
2371,7225,0.5103871213748586
2371,8111,0.5056342849086155
2371,8113,0.41092472190059237
2371,8122,0.4029019337133251
2371,8131,0.4902098149953835
2373,4411,0.4323142902664458
2373,4412,0.4170339398610348
2373,4413,0.4106290314045679
2373,4421,0.4036239567281709
2373,4422,0.4193468819765684
2373,4441,0.41604714114851066
2373,4511,0.4212557305296337
2373,4521,0.40879669381568273
2373,4533,0.40436586746379877
2373,4539,0.4150421823041135
2373,6212,0.40191249344755836
2373,6233,0.40389981876483283
2373,8111,0.4034418367766792
2381,2382,0.6612808610335156
2381,2383,0.593282819219971
2381,2389,0.6618269654116146
2381,3273,0.40182662810342096
2381,3327,0.4018619423505904
2381,4238,0.5043574027722308
2381,4249,0.47448376905937184
2381,4411,0.5811163598736129
2381,4412,0.48514618650301206
2381,4413,0.6741205152389577
2381,4421,0.40992730686234785
2381,4422,0.4159858627537908
2381,4431,0.4611810091967446
2381,4441,0.6312747083385467
2381,4442,0.57835968346611
2381,4451,0.6121454002054754
2381,4453,0.4469347722590721
2381,4461,0.561970122274632
2381,4471,0.6823973546858213
2381,4511,0.4294863045027856
2381,4529,0.49927793703460754
2381,4531,0.4207153342647073
2381,4532,0.4398659928405046
2381,4533,0.4415241153414845
2381,4539,0.5330520347921118
2381,4543,0.5380592471618076
2381,4841,0.5136321834073149
2381,4842,0.5844913105027603
2381,5221,0.5909822046876952
2381,5242,0.5048505710391454
2381,5311,0.4579096829268262
2381,5312,0.48414918576289884
2381,5322,0.464398346545584
2381,5419,0.5928664823749573
2381,5617,0.5308208456379003
2381,6211,0.4292073341304733
2381,6212,0.6274127761813725
2381,6213,0.6120602143855309
2381,6231,0.4839575120863905
2381,6233,0.4859289153481386
2381,6241,0.4478628757160379
2381,6244,0.5740861532762306
2381,7139,0.5387536796412034
2381,7211,0.406150669549974
2381,7224,0.4667507135712825
2381,7225,0.6755562044775857
2381,8111,0.6872174598551252
2381,8113,0.47289856709356304
2381,8114,0.4381391020369401
2381,8121,0.4194802961056236
2381,8122,0.5013340723441141
2381,8131,0.6451487946498616
2381,8134,0.441408324914849
2382,2383,0.5754761007830405
2382,2389,0.6710414334154357
2382,3273,0.40504741080718304
2382,3327,0.41843589241632745
2382,4238,0.5562073521606787
2382,4249,0.464973985111284
2382,4411,0.6125958892147364
2382,4412,0.49792195972556497
2382,4413,0.7122818192929421
2382,4421,0.475224572067354
2382,4422,0.4315879857078395
2382,4431,0.49232774855902556
2382,4441,0.6701269871445646
2382,4442,0.5764543152270559
2382,4451,0.6335889937496477
2382,4453,0.4840101393544155
2382,4461,0.6110315259532649
2382,4471,0.7204817998051094
2382,4511,0.4593665968198542
2382,4529,0.54421258194007
2382,4531,0.4583769067285183
2382,4532,0.47339528919995083
2382,4533,0.4580840856470443
2382,4539,0.5407665691519558
2382,4543,0.5436039022569391
2382,4841,0.551592583571743
2382,4842,0.6117410062398068
2382,5221,0.6513784133797321
2382,5242,0.5655713700826552
2382,5311,0.47291764304518435
2382,5312,0.4649891397728431
2382,5322,0.4882747881457241
2382,5412,0.42078918779055896
2382,5419,0.5909043381647479
2382,5617,0.5360279850917598
2382,6211,0.5021471862335841
2382,6212,0.6523004337519415
2382,6213,0.6386109482178355
2382,6214,0.43338216441627503
2382,6231,0.5096691047146643
2382,6233,0.48319087559612217
2382,6241,0.48351091815662856
2382,6244,0.5952523364745362
2382,7139,0.546113901766702
2382,7211,0.43050948750958945
2382,7224,0.48342980118180556
2382,7225,0.7133318899952658
2382,8111,0.7179725763759667
2382,8113,0.5253070384519777
2382,8114,0.4581196993486764
2382,8121,0.45161143782043095
2382,8122,0.557864064581272
2382,8131,0.7078095119022134
2382,8134,0.4746990739947801
2383,2389,0.5643568844266779
2383,4411,0.4656409937513844
2383,4412,0.4268089566305275
2383,4413,0.5257836729409029
2383,4422,0.41463667702015183
2383,4441,0.5167228967979745
2383,4442,0.4773090323703785
2383,4451,0.513308507068218
2383,4461,0.46168635184010226
2383,4471,0.5259741428224085
2383,4511,0.4340356080175783
2383,4532,0.4263342959529498
2383,4533,0.4287092467137229
2383,4539,0.46600966222427354
2383,4543,0.4702642245455442
2383,4842,0.4430596608246898
2383,5221,0.4360548764033223
2383,5242,0.407766449079002
2383,5311,0.41268610777058373
2383,5312,0.4874496962048939
2383,5419,0.5397457657387121
2383,5617,0.4969516152952061
2383,6116,0.44269239840142205
2383,6212,0.5427000107619327
2383,6213,0.5107168696165719
2383,6233,0.439437023633973
2383,6244,0.4962389950148692
2383,7139,0.5190069104976743
2383,7225,0.5375970699838618
2383,8111,0.5660659485495048
2383,8114,0.44235471862626824
2383,8121,0.4296289919962811
2383,8131,0.49552540067924583
2389,3273,0.4137340277840649
2389,3327,0.44516931281686933
2389,4238,0.5546154744368426
2389,4249,0.4553277016212632
2389,4411,0.6506189821182944
2389,4412,0.5061231311777923
2389,4413,0.7617916250825493
2389,4421,0.43829754846378327
2389,4422,0.41962375490202414
2389,4431,0.4458971465791914
2389,4441,0.7132948689213754
2389,4442,0.6453945153659938
2389,4451,0.701301197845256
2389,4452,0.4140261057839689
2389,4453,0.5089484337726264
2389,4461,0.6474230023012004
2389,4471,0.7885005706600499
2389,4511,0.4618705592788117
2389,4529,0.58632170836399
2389,4531,0.47301821012519996
2389,4532,0.4814286839171656
2389,4533,0.43757593068839157
2389,4539,0.587728565293
2389,4543,0.59957982550349
2389,4841,0.5896730491563736
2389,4842,0.6802735546768583
2389,5221,0.6820582929258953
2389,5242,0.5671696535686686
2389,5311,0.48179434211147687
2389,5312,0.4863304747750412
2389,5322,0.5259351684087052
2389,5412,0.40492067001133536
2389,5419,0.6485918775770108
2389,5617,0.5289147274360757
2389,5621,0.40273995228575826
2389,5629,0.41006580792413033
2389,6211,0.4962683253078187
2389,6212,0.6801444324704095
2389,6213,0.6791704637124241
2389,6214,0.4670434456905769
2389,6231,0.5204410904952638
2389,6232,0.404253036808371
2389,6233,0.4970155519545897
2389,6241,0.5234537306241229
2389,6244,0.6210955002957308
2389,7139,0.5581974995886526
2389,7211,0.4760783748314119
2389,7212,0.4636765132255902
2389,7224,0.5004368381824347
2389,7225,0.7613492964058014
2389,8111,0.7635691552887228
2389,8113,0.5349881169037891
2389,8114,0.42250857303076655
2389,8121,0.44690591497127624
2389,8122,0.5889219715502342
2389,8131,0.7349420727428275
2389,8134,0.5134263560784909
3132,3133,0.5282705437953743
3219,3327,0.4025143631858495
3219,4411,0.4393184956980115
3219,4412,0.412620655705988
3219,4413,0.47410407896487466
3219,4441,0.45639348502167604
3219,4442,0.44359403801899
3219,4451,0.43060752203315455
3219,4471,0.45408769607977045
3219,4529,0.41035533213457676
3219,4841,0.42113186308096673
3219,6212,0.40499594778083997
3219,6233,0.41331721824778656
3219,7225,0.4203932360503837
3219,8111,0.4493827799002859
3219,8122,0.41974139516272585
3219,8131,0.4327283026933842
3222,3231,0.40553502551687015
3222,3255,0.4038822844825431
3222,3259,0.40522840692981693
3222,3261,0.40497933831593175
3222,4931,0.409064924959969
3231,3339,0.40430463604796973
3231,6233,0.40106137703879635
3252,3259,0.41018462463097677
3255,3256,0.42607966073780507
3255,3326,0.42781659993441257
3255,3372,0.4131384954216475
3256,4232,0.4090515039193204
3261,3323,0.45826059972844024
3261,3327,0.4870128848535821
3261,3328,0.41824971702906716
3261,3329,0.40337774131363074
3261,3335,0.4502641477375283
3261,3339,0.40461151035073184
3261,4411,0.41882853771442263
3261,4412,0.40108998682342734
3261,4413,0.40888116802796814
3261,4441,0.4157570224986919
3261,4442,0.42278361510067786
3261,4521,0.4139370405240229
3261,4529,0.4033628442607915
3261,4531,0.4086032207242288
3261,6231,0.42431122349897293
3261,6233,0.4073001558161986
3261,8122,0.41310634123100726
3272,4855,0.4173634053149678
3273,3323,0.42642152058496663
3273,4231,0.4346626788020638
3273,4233,0.43811310340650095
3273,4411,0.4878521557560765
3273,4412,0.4954045855162903
3273,4413,0.47984638669741914
3273,4421,0.4557363500693852
3273,4422,0.4079573940964632
3273,4431,0.41500082389099163
3273,4441,0.48575479923625026
3273,4442,0.48748628877363953
3273,4451,0.41210223626330866
3273,4461,0.44812754927748555
3273,4471,0.4470789934922019
3273,4483,0.4488103722464951
3273,4511,0.4516873261658403
3273,4521,0.47219137696212127
3273,4529,0.47745065483944127
3273,4531,0.458825663727406
3273,4532,0.444597694823378
3273,4533,0.456045037583437
3273,4539,0.47646455359977585
3273,4543,0.41093307521065453
3273,5322,0.4525783007044767
3273,5621,0.41062525750390144
3273,6211,0.4229741215015476
3273,6212,0.44293441384181526
3273,6231,0.4470809502069616
3273,6233,0.4075839519345503
3273,6244,0.4071818622687975
3273,7225,0.44644272160947357
3273,8111,0.4655914116447239
3273,8122,0.43958861311602965
3273,8131,0.4387709833473153
3274,4852,0.42211588240886905
3314,3353,0.4185789451624786
3315,3326,0.4093119004916153
3315,3328,0.4772664363136455
3321,3322,0.4596194077712559
3321,3326,0.4505766568204545
3321,3328,0.48053234027405595
3321,3329,0.42538497969766276
3321,3335,0.4084058848686767
3321,3353,0.4658474953124562
3321,3359,0.4167295550024963
3322,3325,0.41286141192238524
3322,3326,0.4817941509241621
3322,3359,0.41379513662480333
3323,3327,0.4575602976902446
3323,4231,0.43559651084455814
3323,4235,0.42276839962546003
3323,4238,0.40728589467577087
3323,4411,0.4296191937144996
3323,4412,0.44167842739311514
3323,4413,0.4481792862398336
3323,4441,0.4240150016875457
3323,4442,0.45275403798789526
3323,4461,0.40295307131147967
3323,4471,0.41326995344819895
3323,4529,0.43873675090898245
3323,4531,0.41320890014416184
3323,4539,0.4002288302520891
3323,4841,0.40327541808884015
3323,6212,0.4099332896844871
3323,6231,0.43431527372499795
3323,8111,0.4194679215088815
3323,8122,0.4370711424908688
3323,8131,0.4138894844703751
3327,3328,0.4420597585663215
3327,3329,0.42149979305195323
3327,3335,0.47488488575568977
3327,4238,0.4575085345476285
3327,4411,0.48747046923838183
3327,4412,0.444444082090166
3327,4413,0.5183536813633955
3327,4441,0.5051672146026224
3327,4442,0.5151397022303367
3327,4451,0.44793816661489916
3327,4461,0.4730800404487555
3327,4471,0.5100778926911296
3327,4529,0.471275160030575
3327,4531,0.46929106197987513
3327,4539,0.4314930702585268
3327,4543,0.43375884153266847
3327,4841,0.45126531681762344
3327,4842,0.4310426064701769
3327,5221,0.4159407584761786
3327,5322,0.43600350383743036
3327,6212,0.47323145029115
3327,6213,0.44127769455628724
3327,6231,0.4903832288428799
3327,6232,0.4213724057817912
3327,6233,0.45050708515794347
3327,6244,0.422444207606917
3327,7225,0.4821830525716471
3327,8111,0.49885745846410123
3327,8113,0.44655350127227206
3327,8122,0.5122392270190474
3327,8131,0.48864533226858825
3327,8134,0.42748733072149486
3328,3329,0.4389462412795382
3328,3332,0.42302595167312357
3328,3335,0.5233392950337116
3328,3339,0.47739282063125127
3328,3353,0.40831113173114264
3328,4235,0.4238097412120896
3329,3335,0.41908487269209393
3329,3339,0.47609580076601016
3329,4235,0.40137687455962545
3332,3333,0.40047142031681365
3332,3339,0.4343984721790386
3333,3344,0.4027723600127991
3333,3345,0.4485419463778899
3333,3359,0.4231551764620512
3335,3339,0.41890312442585187
3339,4235,0.4042291201469999
3341,3342,0.45866432210600416
3341,3343,0.44381268229929727
3342,3344,0.4358974358974359
3342,3345,0.4230769230769231
3342,3359,0.41754865529128316
3343,3346,0.46153846153846156
3344,3345,0.47863247863247865
3344,3359,0.4669361306483166
3345,3359,0.43999750772629836
3345,3391,0.4112544421511331
3346,3352,0.4447495899966607
3346,3369,0.4287947242821821
3351,3359,0.40098320508834334
3372,4232,0.4040537462859429
3379,4855,0.40972197579524855
4231,4233,0.4495465569080094
4231,4235,0.45146611838648026
4231,4237,0.483676781595281
4231,4238,0.45909032607882955
4231,4244,0.40382124486836773
4231,4411,0.4811742872557667
4231,4412,0.4703106265634461
4231,4413,0.4435580331093857
4231,4421,0.4454132503773787
4231,4441,0.4420200569773794
4231,4442,0.41450055313684886
4231,4461,0.40580653931316163
4231,4471,0.4135747176043336
4231,4511,0.43952799283719907
4231,4521,0.47744388029512425
4231,4529,0.4446111138225911
4231,4531,0.4115604510346009
4231,4533,0.40894726567572326
4231,4539,0.4155470959785251
4231,4841,0.46168421796945947
4231,4931,0.4265186958365543
4231,5321,0.44199583662503805
4231,5322,0.40952700910575046
4231,5621,0.4214149864489895
4231,6212,0.40153602341256295
4231,6219,0.4121927183910501
4231,6231,0.40338393869156414
4231,6233,0.4068381021724862
4231,7225,0.4049776072604942
4231,8111,0.43847153251225024
4231,8113,0.4128125496922689
4231,8122,0.42600533312794625
4231,8131,0.40783225636060677
4233,4235,0.4126523908347136
4233,4237,0.4821419495423594
4233,4411,0.4128421530580162
4233,4412,0.42383565144523727
4233,4421,0.4103679419685866
4233,4422,0.4138146256860274
4233,4441,0.4050550960779939
4233,4483,0.42255530172432093
4233,4511,0.44130037490959106
4233,4512,0.42762023605461674
4233,4521,0.4638695403728419
4233,4529,0.4005928548712803
4233,4531,0.4007913341072783
4233,4533,0.41792997581790736
4233,4539,0.4256050586351295
4233,4884,0.4120408860879841
4233,5321,0.4288528373146562
4233,8123,0.4074306999997198
4234,4236,0.45844472799613584
4234,4242,0.49454698419535387
4234,5112,0.4101734961193464
4234,5241,0.47612340238548256
4235,4237,0.45050145609712716
4237,4248,0.42910265590124597
4237,4421,0.40516804993764965
4237,4422,0.4171040482230539
4237,4483,0.4247864524643233
4237,4511,0.4589679136579011
4237,4512,0.42430133298531997
4237,4521,0.4866455545306414
4237,4533,0.41203768339033414
4237,4921,0.4544308296332589
4237,5151,0.4203635458559514
4237,5321,0.4687465481421735
4237,6219,0.40182748315201644
4237,8123,0.40456670105734827
4238,4245,0.48681116280971193
4238,4249,0.5651181266339207
4238,4411,0.6145739041056905
4238,4412,0.45040937771109385
4238,4413,0.672192876536456
4238,4421,0.42598786962760415
4238,4431,0.45064599726006743
4238,4441,0.6152957460194938
4238,4442,0.5669206567734593
4238,4451,0.5375576895386023
4238,4453,0.42396049974973105
4238,4461,0.5607985213206409
4238,4471,0.6730302011561191
4238,4529,0.5461464975528528
4238,4531,0.4452624721730868
4238,4539,0.449755839899306
4238,4543,0.46157117040505863
4238,4841,0.609208653008055
4238,4842,0.6488141814348366
4238,5221,0.6058155970208073
4238,5242,0.5172583113430907
4238,5322,0.48977070709548676
4238,5412,0.40945058878819307
4238,5419,0.48783977726479616
4238,6211,0.44787408442606536
4238,6212,0.5731566325561224
4238,6213,0.5704499553055881
4238,6214,0.40383829116889725
4238,6231,0.529823613387552
4238,6233,0.44161837059831305
4238,6241,0.414909622690684
4238,6244,0.5140842435537158
4238,7139,0.4022324831495917
4238,7224,0.45277247160644096
4238,7225,0.6244984415176107
4238,8111,0.645208486148779
4238,8113,0.5960915836028862
4238,8122,0.5537311953550015
4238,8131,0.6565605097717893
4238,8134,0.45008468883868075
4239,4413,0.42913861055441915
4239,4441,0.42794560918240004
4239,4461,0.417705675771505
4239,4471,0.4067377566957068
4239,7225,0.4015648329297876
4239,8111,0.42210651904182184
4239,8122,0.4069778624060907
4242,5241,0.47767040319084775
4244,4411,0.4274072404082988
4244,4413,0.4093750116274869
4244,4421,0.4059292631754652
4244,4441,0.42112536006398094
4244,4511,0.4259147686111818
4245,4249,0.5050673274813158
4245,4413,0.4100778561335563
4245,4471,0.4275656410166762
4245,4841,0.44560108777792945
4245,4842,0.4430393199489839
4245,5221,0.4152679025230033
4245,8111,0.4210622544945462
4245,8131,0.41847178679856084
4247,4411,0.4016458365469344
4247,4521,0.41170257084666934
4248,4512,0.4030694555463088
4248,4921,0.448097229696542
4248,5151,0.43044523694059716
4248,5321,0.4397233934855249
4248,6215,0.437587526258753
4248,6221,0.46864236732203146
4249,4411,0.5131767128928171
4249,4413,0.5613109058276218
4249,4441,0.5142745892822765
4249,4442,0.4801864749554415
4249,4451,0.4797011741155466
4249,4461,0.47066147793448204
4249,4471,0.5656270046310313
4249,4529,0.4316081498951782
4249,4543,0.43433027671125485
4249,4841,0.5254071957119409
4249,4842,0.5387505683802583
4249,5221,0.52163716072532
4249,5242,0.4561676705489804
4249,5419,0.4363380175381162
4249,6212,0.5158228320412047
4249,6213,0.5044018845926388
4249,6231,0.4643644595037094
4249,6233,0.42217729448199665
4249,6244,0.4412725000679924
4249,7224,0.418347942848802
4249,7225,0.5337789807214742
4249,8111,0.5580456614121321
4249,8113,0.43939240772167243
4249,8122,0.47554894906835343
4249,8131,0.5526378358111482
4249,8134,0.41582811409638204
4411,4412,0.6006835026611876
4411,4413,0.7860600451512241
4411,4421,0.5905096678047624
4411,4422,0.5041671158405154
4411,4431,0.5969268252592401
4411,4441,0.756256827368367
4411,4442,0.7006309828973176
4411,4451,0.6771183979195575
4411,4452,0.4853014860201965
4411,4453,0.5617475059837322
4411,4461,0.7124306398273456
4411,4471,0.7652409668057711
4411,4481,0.4698933182645195
4411,4482,0.5302854316335329
4411,4483,0.5104710677050075
4411,4511,0.5810331635727451
4411,4521,0.5201566732581291
4411,4529,0.6833072541084094
4411,4531,0.593078175672245
4411,4532,0.5802771589419828
4411,4533,0.5405905666387905
4411,4539,0.6623732360187153
4411,4543,0.6243294587799323
4411,4841,0.6132599711226286
4411,4842,0.6516083791971552
4411,4884,0.4301870584646571
4411,5111,0.41982847632999115
4411,5171,0.4227017952699814
4411,5221,0.6769058223466629
4411,5242,0.531282715378629
4411,5311,0.47175695998415446
4411,5312,0.40109729878353917
4411,5322,0.6445364116734988
4411,5412,0.42507075074649664
4411,5419,0.5937168891098606
4411,5617,0.4875370446774711
4411,5621,0.4621606009836571
4411,5629,0.41960222206190084
4411,6211,0.619734112218003
4411,6212,0.7219484317344443
4411,6213,0.689908336656494
4411,6214,0.5519604358161363
4411,6216,0.49726897951085847
4411,6219,0.46275302183677774
4411,6231,0.6515823478466852
4411,6232,0.5177275734563348
4411,6233,0.5779250604123136
4411,6241,0.5770996098495765
4411,6242,0.472150833848373
4411,6244,0.6313980322911577
4411,7139,0.5439705768105311
4411,7211,0.432883887174124
4411,7212,0.41640851915890387
4411,7224,0.5251062597829772
4411,7225,0.7589719371664391
4411,8111,0.7501625140945074
4411,8113,0.540401150127099
4411,8114,0.4464652446974595
4411,8121,0.5194555764925873
4411,8122,0.6869518583656578
4411,8123,0.42839759450533027
4411,8131,0.7312886738725235
4411,8134,0.5872635912335915
4412,4413,0.5975803414900918
4412,4421,0.5475077420379153
4412,4422,0.5197693461751036
4412,4431,0.506180895044311
4412,4441,0.6246063379871845
4412,4442,0.5833874151502555
4412,4451,0.5177790931132751
4412,4452,0.48724036551773986
4412,4453,0.4612911711045309
4412,4461,0.5289807615334438
4412,4471,0.5779208665275387
4412,4482,0.4452904754453932
4412,4483,0.5027380588034663
4412,4511,0.5793887608548155
4412,4512,0.4175467824684706
4412,4521,0.5261808470851181
4412,4529,0.5618627066592381
4412,4531,0.5378265620087115
4412,4532,0.5644836956615386
4412,4533,0.5370892263392952
4412,4539,0.5926277203423695
4412,4543,0.5331648717395933
4412,4841,0.4274163642488118
4412,4842,0.46323945499859015
4412,4884,0.4145652653704752
4412,5221,0.46047117972106677
4412,5322,0.5537274579761788
4412,5419,0.4720493059348295
4412,5621,0.44379113482881133
4412,5629,0.4152035228449009
4412,6211,0.500758770062385
4412,6212,0.5639054031901187
4412,6213,0.5193618393461662
4412,6214,0.4667804759278259
4412,6219,0.4314830185652674
4412,6231,0.5313633531258833
4412,6232,0.4776031398794967
4412,6233,0.5402072744521951
4412,6241,0.42892539043168726
4412,6242,0.4738524702077774
4412,6244,0.4866218343709261
4412,7139,0.4920312322454504
4412,7212,0.4730501575724043
4412,7224,0.4545497620493699
4412,7225,0.570457208961595
4412,8111,0.5857032617734965
4412,8113,0.4370946023626191
4412,8114,0.4933602731687911
4412,8121,0.4331960723734157
4412,8122,0.5183177195371238
4412,8123,0.4092243585853922
4412,8131,0.5230388595301009
4412,8134,0.47330745805165314
4413,4421,0.5808192647357778
4413,4422,0.4623016390194325
4413,4431,0.5802783046662202
4413,4441,0.8569459382030397
4413,4442,0.7568672759355812
4413,4451,0.8004455826651488
4413,4452,0.4645793613566714
4413,4453,0.5803045386646625
4413,4461,0.8089658926846736
4413,4471,0.9233380788181245
4413,4481,0.4511080295017028
4413,4482,0.4874818076764444
4413,4483,0.44957103004364996
4413,4511,0.5445815212802321
4413,4521,0.4332582619883146
4413,4529,0.7531247111420739
4413,4531,0.5733568278720629
4413,4532,0.5577011362680073
4413,4533,0.5425257069287257
4413,4539,0.6829967365414598
4413,4543,0.6658139726018982
4413,4841,0.6954343634216168
4413,4842,0.7611729162446847
4413,4884,0.42431614790576816
4413,5171,0.4217617718793309
4413,5221,0.8214777231731077
4413,5222,0.4611174406970976
4413,5242,0.6425583420819432
4413,5311,0.5489426850904362
4413,5312,0.4824181148338526
4413,5322,0.6722745403749206
4413,5411,0.41293422568174654
4413,5412,0.5186079774990486
4413,5419,0.6821774170110995
4413,5617,0.5419115748762589
4413,5621,0.4413179570094985
4413,6211,0.6568782917902233
4413,6212,0.8092248032026436
4413,6213,0.7861011957268856
4413,6214,0.5937997567530245
4413,6216,0.5078346949869625
4413,6231,0.6438305191507961
4413,6232,0.4961519644688723
4413,6233,0.577733000600032
4413,6241,0.6456782934849674
4413,6242,0.46348129320681053
4413,6244,0.7042758183991237
4413,7139,0.5862846331019361
4413,7211,0.5325715509320857
4413,7212,0.4736404603257556
4413,7224,0.565668267606859
4413,7225,0.9007748052182903
4413,8111,0.883204851890443
4413,8113,0.6071811058264267
4413,8114,0.45172371553370516
4413,8121,0.4920210251596614
4413,8122,0.7292765817330993
4413,8123,0.4099986255766399
4413,8131,0.8767258952208392
4413,8134,0.6022220280439031
4413,8139,0.4210597497239354
4421,4422,0.4962247364373827
4421,4431,0.5465418352426943
4421,4441,0.5887865562220028
4421,4442,0.5358496943833098
4421,4451,0.5141175411495242
4421,4452,0.4080553093704831
4421,4453,0.42120631328488517
4421,4461,0.5642408666252838
4421,4471,0.5457836645925385
4421,4481,0.48179374582674694
4421,4482,0.5568102895780394
4421,4483,0.5493633222897681
4421,4511,0.5603601255489448
4421,4512,0.44595748206153607
4421,4521,0.5357427591941067
4421,4529,0.5740321941934285
4421,4531,0.5018664684386976
4421,4532,0.5564377838583418
4421,4533,0.5279490449005165
4421,4539,0.5436859506751189
4421,4543,0.4726020443449459
4421,4841,0.41286639678663717
4421,4842,0.407340635319548
4421,4884,0.40115502962519767
4421,5151,0.418800111204252
4421,5221,0.4654042786301676
4421,5321,0.420575950030024
4421,5322,0.57360448047909
4421,5419,0.4227083507946041
4421,5617,0.4029518580596277
4421,6211,0.5547519240460751
4421,6212,0.5343425664122159
4421,6213,0.5028519576363978
4421,6214,0.4622905093717285
4421,6216,0.4693268785480729
4421,6219,0.4298080095703274
4421,6231,0.488237058541807
4421,6232,0.4065860205365599
4421,6233,0.48008567231396315
4421,6242,0.4325042221764881
4421,6244,0.4728991418552599
4421,7139,0.41171242190436186
4421,7225,0.5562595556449647
4421,8111,0.5272875944882134
4421,8113,0.4125618954805027
4421,8114,0.44715703510739174
4421,8122,0.5277367405946191
4421,8123,0.4322661804831683
4421,8131,0.5244256307041668
4421,8134,0.4006365530159893
4422,4431,0.5269383861765532
4422,4441,0.5133392922273914
4422,4442,0.4586954829403613
4422,4451,0.45756395185016036
4422,4452,0.46039257765262026
4422,4453,0.4100280819887611
4422,4461,0.45942047469577657
4422,4471,0.435855358543711
4422,4481,0.5514944348440423
4422,4482,0.4795188774724516
4422,4483,0.5966326491545694
4422,4511,0.6286894776183305
4422,4512,0.49753658773939674
4422,4521,0.5572146861289097
4422,4529,0.4229552012610171
4422,4531,0.48040220201610984
4422,4532,0.5899901168708336
4422,4533,0.5157080144980368
4422,4539,0.5477195177937658
4422,4543,0.43565080510898224
4422,5312,0.41789252682680605
4422,5322,0.46839760442451245
4422,5419,0.4410210441523027
4422,5617,0.4018413839606893
4422,6116,0.46531089452776975
4422,6211,0.4663239235815465
4422,6212,0.4953779683186432
4422,6213,0.4627923514999585
4422,6232,0.4009723124588544
4422,6233,0.4585077448567903
4422,6242,0.4349521934800261
4422,6244,0.4181048536362098
4422,7139,0.4817517934852203
4422,7225,0.48379871832047716
4422,8111,0.45951040891068284
4422,8114,0.4538148037902798
4422,8121,0.4683890272141783
4422,8123,0.4053292834856751
4422,8131,0.41532425943022
4431,4441,0.5896452346065776
4431,4442,0.500657058062627
4431,4451,0.4997791660399323
4431,4452,0.4302072266549518
4431,4453,0.4163529997593916
4431,4461,0.5427877831338447
4431,4471,0.5426976705528535
4431,4481,0.5007298730931008
4431,4482,0.5167369452780317
4431,4483,0.5287107723295572
4431,4511,0.579574055886491
4431,4512,0.41851141721130397
4431,4521,0.5325477394633019
4431,4529,0.5128516569370066
4431,4531,0.4743403281863513
4431,4532,0.5311859893806536
4431,4533,0.5027872622251887
4431,4539,0.5566624299756158
4431,4543,0.46230460967052733
4431,4841,0.41870591434316645
4431,4842,0.4615083354440069
4431,4884,0.40593630074773623
4431,5221,0.47312867740191916
4431,5311,0.43534951077259
4431,5322,0.5367133276055206
4431,5419,0.46025799826731406
4431,6211,0.5208344708979381
4431,6212,0.5689820223383301
4431,6213,0.5403764496291346
4431,6214,0.4555509999292146
4431,6219,0.40117770656892193
4431,6231,0.45819312892566527
4431,6232,0.40789514404181587
4431,6233,0.4916046260886385
4431,6241,0.432418498496006
4431,6242,0.4254349632451824
4431,6244,0.4819157113563878
4431,7139,0.4649094844036036
4431,7224,0.4456863406052742
4431,7225,0.5811039694511556
4431,8111,0.5544009533199572
4431,8114,0.4184740706832276
4431,8121,0.46151350586987827
4431,8122,0.4688664136204247
4431,8123,0.420742182304214
4431,8131,0.5316670250954495
4431,8134,0.45451625673800805
4441,4442,0.7244052803875977
4441,4451,0.7685186176482418
4441,4452,0.4958809490467536
4441,4453,0.5875982031550918
4441,4461,0.7671911818404925
4441,4471,0.8552108830877153
4441,4481,0.4824988686554224
4441,4482,0.4998258070904889
4441,4483,0.5007249532587911
4441,4511,0.5829704982277748
4441,4521,0.49116039032413666
4441,4529,0.6992498834976016
4441,4531,0.5854513867094614
4441,4532,0.6070479268639284
4441,4533,0.5660562558475662
4441,4539,0.6813758866299929
4441,4543,0.6644691718880277
4441,4841,0.6248656620606583
4441,4842,0.6917131242402865
4441,4884,0.41960311881757956
4441,5111,0.40660225148002727
4441,5171,0.4160417172077062
4441,5221,0.7502125961287418
4441,5242,0.5869512627617833
4441,5311,0.5146781233710478
4441,5312,0.47991799408997143
4441,5322,0.6687300061629167
4441,5412,0.46981217741741466
4441,5419,0.6511251322292692
4441,5617,0.514796926159727
4441,5621,0.457911336451943
4441,5629,0.4051691819126991
4441,6211,0.6392712857679901
4441,6212,0.7747514488148083
4441,6213,0.7539877670434418
4441,6214,0.5753023942310241
4441,6216,0.4994278751684809
4441,6219,0.41526260427244177
4441,6231,0.6243225120706133
4441,6232,0.5267886280172469
4441,6233,0.5872548677799864
4441,6241,0.6137673953688186
4441,6242,0.4878242803874158
4441,6244,0.6631694449152941
4441,7139,0.6004165452234038
4441,7211,0.5244615319614717
4441,7212,0.48074015523964614
4441,7224,0.5795001098711653
4441,7225,0.8457184463226802
4441,8111,0.8234733388769963
4441,8113,0.5569270086158973
4441,8114,0.4871607895952286
4441,8121,0.5056219952946097
4441,8122,0.678126192013176
4441,8123,0.419343687389789
4441,8131,0.8009924495289453
4441,8134,0.5978410679314161
4441,8139,0.410040978906693
4442,4451,0.6575344600493632
4442,4452,0.46743345487505916
4442,4453,0.5314339553202606
4442,4461,0.6799653043709714
4442,4471,0.7515285618922646
4442,4481,0.4117015792414887
4442,4482,0.453698378040899
4442,4483,0.43429961209566986
4442,4511,0.5124910558889052
4442,4521,0.4305442896100129
4442,4529,0.6312484714237051
4442,4531,0.5609195935239039
4442,4532,0.5280992759245314
4442,4533,0.5293281795474108
4442,4539,0.6277311900644956
4442,4543,0.6167386453109269
4442,4841,0.5692716355466316
4442,4842,0.6272709129297932
4442,4884,0.40097168205566325
4442,5221,0.6404597893905282
4442,5242,0.47899548361923405
4442,5311,0.4406773044831423
4442,5312,0.4122076603748307
4442,5322,0.6111071490477382
4442,5419,0.6072814320744137
4442,5617,0.46197802118441533
4442,5621,0.4162970819291814
4442,6211,0.5617151630250703
4442,6212,0.6871951232287239
4442,6213,0.656019459581945
4442,6214,0.5412259782406041
4442,6216,0.47006698462288216
4442,6231,0.6127372105030258
4442,6232,0.48394448089266245
4442,6233,0.5515348795667505
4442,6241,0.5377042589099694
4442,6242,0.4469057869239027
4442,6244,0.6112448224359465
4442,7139,0.5208996417881777
4442,7211,0.4187546643368358
4442,7212,0.4424228336035164
4442,7224,0.43852923774273433
4442,7225,0.7317074172962968
4442,8111,0.725768195600583
4442,8113,0.5071982958808163
4442,8114,0.43958602177957234
4442,8121,0.44876125984604603
4442,8122,0.6474634092023833
4442,8131,0.703946854864372
4442,8134,0.517164304659399
4451,4452,0.46716762480423585
4451,4453,0.5453549378905206
4451,4461,0.7457483782682142
4451,4471,0.8178493316060274
4451,4481,0.43211034268055915
4451,4482,0.43728674376696103
4451,4483,0.43577695060935107
4451,4511,0.49422867101673357
4451,4529,0.6430755208909725
4451,4531,0.5207203251846753
4451,4532,0.5375315482641838
4451,4533,0.48589112268986423
4451,4539,0.6234920812760862
4451,4543,0.6175906957135018
4451,4841,0.5777309326253536
4451,4842,0.6491343288462261
4451,5221,0.7118270927538141
4451,5242,0.5745787269480321
4451,5311,0.5202933662965219
4451,5312,0.48408622358839754
4451,5322,0.5806455559694828
4451,5412,0.4276609573227988
4451,5419,0.6323033088636069
4451,5617,0.5231533627855113
4451,5621,0.4172398588537402
4451,6111,0.40387053995491956
4451,6211,0.6034209089894883
4451,6212,0.7226552545322001
4451,6213,0.7002770338921279
4451,6214,0.5262195242997874
4451,6216,0.4773567376289518
4451,6231,0.5690469564894787
4451,6232,0.47660090158718194
4451,6233,0.546678150351185
4451,6241,0.6009540885561951
4451,6242,0.43037972544548864
4451,6244,0.6636688192599868
4451,7139,0.5893177554450332
4451,7211,0.48633582577842127
4451,7212,0.4716564052282569
4451,7224,0.5224620988175773
4451,7225,0.796950045899966
4451,8111,0.7754381218064454
4451,8113,0.48954747597004067
4451,8114,0.4584339700129723
4451,8121,0.48261708906584017
4451,8122,0.6528231820024539
4451,8131,0.7534008211934053
4451,8134,0.5466647149630521
4451,8139,0.4189626437569885
4452,4453,0.43663594648835063
4452,4461,0.4478546322911407
4452,4471,0.4537402647113708
4452,4483,0.4549181375084166
4452,4511,0.4997740077039113
4452,4521,0.46951814059208397
4452,4531,0.44161787381314
4452,4532,0.4993721079210258
4452,4533,0.46235174727693285
4452,4539,0.483784113707505
4452,4543,0.4708830698404232
4452,5322,0.4063814505095039
4452,5419,0.42396484509918486
4452,5629,0.4051305705362892
4452,6116,0.40519553818914317
4452,6212,0.47631386741053516
4452,6213,0.4244645367571314
4452,6231,0.4210969178031122
4452,6232,0.4308039090016047
4452,6233,0.4783303222418715
4452,6242,0.42750234322296865
4452,6244,0.4149661743606342
4452,7139,0.4489518370560385
4452,7212,0.42708298129347827
4452,7224,0.4363945653266014
4452,7225,0.4547090257057683
4452,8111,0.47272669156069175
4452,8114,0.43315102251606113
4452,8121,0.43047904472839643
4452,8122,0.4119846075058071
4452,8131,0.40367340073659946
4452,8134,0.42918630471948316
4453,4461,0.5534937214074332
4453,4471,0.5810636228455035
4453,4483,0.4341908623846057
4453,4511,0.448743781301902
4453,4529,0.4947066261888456
4453,4531,0.4782880519139278
4453,4532,0.46535935189559047
4453,4533,0.4234316284835444
4453,4539,0.5329970792593747
4453,4543,0.5275058016268335
4453,4841,0.4376093969031921
4453,4842,0.475144132416336
4453,5221,0.5147070555859427
4453,5322,0.5033742101889304
4453,5419,0.47287867285302604
4453,6211,0.4822971184399511
4453,6212,0.549495371006065
4453,6213,0.5295740327983299
4453,6214,0.46310295533017753
4453,6231,0.5169308179716516
4453,6232,0.4717837543864788
4453,6233,0.44311272198091844
4453,6241,0.47669347939842643
4453,6242,0.4150054028399475
4453,6244,0.4890020969230308
4453,7139,0.4539418107162902
4453,7212,0.40083457913984166
4453,7224,0.4446375854698389
4453,7225,0.5841800445781592
4453,8111,0.5736668654421305
4453,8121,0.4394831126569853
4453,8122,0.5187264767944334
4453,8131,0.554044948709038
4453,8134,0.5208166692022024
4461,4471,0.8087425575098871
4461,4481,0.498219865503597
4461,4482,0.5063360083888737
4461,4483,0.4694013796482037
4461,4511,0.49625875911012024
4461,4521,0.451091864999395
4461,4529,0.685270870275189
4461,4531,0.5519993235981345
4461,4532,0.548201895190966
4461,4533,0.4967886335405323
4461,4539,0.6525008278655551
4461,4543,0.5921559922806804
4461,4841,0.5863528899323686
4461,4842,0.6406149470595458
4461,5221,0.7267986461135435
4461,5222,0.45970459750535003
4461,5242,0.5635897771838972
4461,5311,0.4928542595379402
4461,5312,0.4139388884715281
4461,5322,0.6327007101919252
4461,5412,0.4562544668695002
4461,5419,0.5968987769749381
4461,5617,0.49972782475771554
4461,5621,0.41391479502879197
4461,6211,0.6619152497296735
4461,6212,0.7289600373227548
4461,6213,0.7094332619426313
4461,6214,0.56307987949499
4461,6216,0.5253405480789523
4461,6231,0.6053821200990666
4461,6232,0.4827364124481642
4461,6233,0.5368280718255757
4461,6241,0.6161943221933255
4461,6242,0.4399005296742407
4461,6244,0.6636364956971299
4461,7139,0.5295032212213504
4461,7211,0.42747941685716345
4461,7224,0.46142750610262084
4461,7225,0.8059773847224034
4461,8111,0.7611491876986504
4461,8113,0.5090354432979979
4461,8114,0.4400687575765568
4461,8121,0.4972835011577145
4461,8122,0.7041104697304308
4461,8123,0.4041584646654022
4461,8131,0.7793265587887344
4461,8134,0.5332925988315753
4461,8139,0.40294704423484007
4471,4481,0.42481426647734
4471,4482,0.4510447130087265
4471,4483,0.4160516601813913
4471,4511,0.5053139472949134
4471,4529,0.7261967866473895
4471,4531,0.5548654882806768
4471,4532,0.531630249610262
4471,4533,0.5082018934083725
4471,4539,0.6556907891833192
4471,4543,0.6628653094654058
4471,4841,0.7147108321684021
4471,4842,0.7838284109926427
4471,5171,0.4005895360605166
4471,5221,0.8500317853764193
4471,5222,0.4454479714067169
4471,5242,0.667522357884893
4471,5311,0.5516206857697115
4471,5312,0.49003185565826196
4471,5322,0.6417648763900353
4471,5411,0.4134270354904614
4471,5412,0.5240789819601057
4471,5419,0.681764435287658
4471,5617,0.5445378661315553
4471,5621,0.4149399177889332
4471,6211,0.6290434044069362
4471,6212,0.7899264676430106
4471,6213,0.7955235136452311
4471,6214,0.5646470191723203
4471,6216,0.5014510024099881
4471,6231,0.6394672152135416
4471,6232,0.4831324723790821
4471,6233,0.5585392701087134
4471,6241,0.6391195605053941
4471,6242,0.42816389373126307
4471,6244,0.7105403885472801
4471,7139,0.603556335404168
4471,7211,0.5589203000181983
4471,7212,0.47196118990899916
4471,7224,0.5832697144541594
4471,7225,0.9085314719914369
4471,8111,0.8862015013276966
4471,8113,0.5942013427993594
4471,8114,0.43640414871907995
4471,8121,0.49153599682167676
4471,8122,0.7132957400674049
4471,8131,0.8968105722685731
4471,8134,0.60323249430368
4471,8139,0.45454538385078924
4481,4482,0.6506038901423217
4481,4483,0.5733821790809959
4481,4511,0.5159757815752941
4481,4512,0.4497536271372947
4481,4521,0.49843722917876787
4481,4529,0.4277945314222878
4481,4531,0.40167191003808095
4481,4532,0.5329032440810432
4481,4533,0.4100916321641265
4481,4539,0.5008784492020394
4481,5322,0.47752789172229654
4481,6211,0.46679699730380103
4481,6212,0.4617337830409933
4481,6213,0.41404811833929556
4481,6244,0.40524451272048806
4481,7225,0.489532019630865
4481,8111,0.41923697100698104
4481,8123,0.42109158714135936
4481,8131,0.4150547288535917
4482,4483,0.5514633192699686
4482,4511,0.4924282136516117
4482,4512,0.4142815164313093
4482,4521,0.4984477702548871
4482,4529,0.5006626908143593
4482,4531,0.42681685054771457
4482,4532,0.5444782108069017
4482,4533,0.4526970713757439
4482,4539,0.489275877387908
4482,5322,0.5232330127650573
4482,6211,0.501711999310192
4482,6212,0.4572836752682991
4482,6213,0.432422108550905
4482,6214,0.4154994945010625
4482,6216,0.4192473109408961
4482,6231,0.43967813710369746
4482,6242,0.40695916692808143
4482,6244,0.4116215121227349
4482,7225,0.49131741697354814
4482,8111,0.4472645444352404
4482,8122,0.45326817004774156
4482,8123,0.4033149848342711
4482,8131,0.4506661200455278
4483,4511,0.62170961658345
4483,4512,0.5239481189131454
4483,4521,0.6529572344002588
4483,4529,0.467930815131185
4483,4531,0.4954108805312328
4483,4532,0.5987328531488735
4483,4533,0.5231288093909296
4483,4539,0.5597149970125647
4483,4543,0.4306205334953024
4483,4884,0.4085444765727113
4483,5151,0.41527897020999954
4483,5321,0.45435397271300515
4483,5322,0.4874768426765534
4483,5621,0.410095982847956
4483,6211,0.4954638790713494
4483,6212,0.4653778200229056
4483,6213,0.41685874246496385
4483,6214,0.4242450060482874
4483,6219,0.4470860336073674
4483,6231,0.4552425796588047
4483,6232,0.4301676032902752
4483,6233,0.44321145139562146
4483,6242,0.4545686450484948
4483,7139,0.4237517109810916
4483,7225,0.463564358692279
4483,8111,0.43122443274261546
4483,8114,0.4246674956013402
4483,8121,0.4304811140356738
4483,8122,0.4297599385558693
4483,8123,0.45094706302631404
4511,4512,0.5454112055358838
4511,4521,0.6506578439374792
4511,4529,0.5062501095589864
4511,4531,0.5080135296296111
4511,4532,0.6490749119061855
4511,4533,0.5966023702538004
4511,4539,0.6004849817377498
4511,4543,0.49004725047377534
4511,4884,0.4398365504290648
4511,4921,0.42241555871127173
4511,5111,0.4011602357729515
4511,5151,0.45737620267287765
4511,5312,0.4282837022429124
4511,5321,0.45181658530362184
4511,5322,0.5207319960440768
4511,5419,0.4555296382871896
4511,5621,0.4522512102430717
4511,5629,0.4370915848946425
4511,6115,0.4090848925581925
4511,6116,0.46131946344236524
4511,6211,0.5222546660643338
4511,6212,0.5516741230826439
4511,6213,0.5182995183550198
4511,6214,0.45265051334680223
4511,6219,0.45696230623142364
4511,6231,0.4530855475132568
4511,6232,0.4667552352282482
4511,6233,0.5218603362465208
4511,6241,0.4377755345104432
4511,6242,0.5133635978746729
4511,6243,0.4048099885197622
4511,6244,0.45663857290897114
4511,7139,0.5260446260137189
4511,7211,0.4086299438346168
4511,7212,0.41870903603042164
4511,7224,0.47334261909176056
4511,7225,0.5492093744199783
4511,8111,0.5254688984139814
4511,8114,0.473874667299313
4511,8121,0.48591511858857556
4511,8122,0.4458684839515853
4511,8123,0.44647686552673127
4511,8131,0.4563464969003896
4511,8133,0.4334704885453894
4511,8134,0.4543472241397661
4512,4521,0.5703365556214064
4512,4531,0.4168267538907353
4512,4532,0.465926792458934
4512,4533,0.4435507331691476
4512,4539,0.4341874230415047
4512,4921,0.41939766629702135
4512,5151,0.45241857878769726
4512,5321,0.4516954760469268
4512,6115,0.4260288706072139
4512,6211,0.41116333994365645
4512,6215,0.40944062526300873
4512,6219,0.43448637057030504
4512,6221,0.40701418445823423
4512,6242,0.4518208008987576
4512,8123,0.4208610414973924
4521,4529,0.4662539290143277
4521,4531,0.5274262472818951
4521,4532,0.5793266264787269
4521,4533,0.5414518026409166
4521,4539,0.5292196514606229
4521,4543,0.4029768779125097
4521,4884,0.4687247741861032
4521,4921,0.46282693740898734
4521,4931,0.4127113161820055
4521,5151,0.4421417577934627
4521,5321,0.47120126033958915
4521,5322,0.4540043456440082
4521,5621,0.44647413233815875
4521,5629,0.4333669611135448
4521,6115,0.4298466862523
4521,6211,0.48924502397575104
4521,6212,0.4555439820102258
4521,6214,0.44216742059016856
4521,6215,0.44424950198972196
4521,6219,0.505840522990311
4521,6221,0.40296169683638616
4521,6231,0.4819005079889952
4521,6232,0.4933036336945262
4521,6233,0.5064982524748924
4521,6239,0.41458043304513537
4521,6242,0.48653363279984113
4521,6243,0.45301336337355486
4521,7139,0.4156197183577662
4521,7225,0.4244242226124646
4521,8111,0.4233053320454442
4521,8114,0.41355409139161786
4521,8121,0.4662761919013065
4521,8122,0.43632068752395575
4521,8123,0.4521219162453569
4529,4531,0.5458338862518579
4529,4532,0.5045374513723595
4529,4533,0.5118914583132732
4529,4539,0.6085702207525001
4529,4543,0.5339233286727081
4529,4841,0.5616750246681582
4529,4842,0.5967810395090093
4529,5221,0.6089284895520005
4529,5222,0.42094024793365137
4529,5242,0.4542266032979043
4529,5311,0.40357625267344605
4529,5322,0.616912300606584
4529,5419,0.498299965327826
4529,5617,0.4401201995004444
4529,5621,0.404389211472789
4529,6211,0.6038269800337135
4529,6212,0.6401216581404866
4529,6213,0.5979457977720702
4529,6214,0.5348565019566693
4529,6216,0.5042986332124733
4529,6219,0.40540381796684755
4529,6231,0.5709718721491269
4529,6232,0.4459386355375643
4529,6233,0.5167191526953782
4529,6241,0.5010323115498558
4529,6242,0.42891469769219764
4529,6244,0.5683969290144777
4529,7139,0.43271794280741044
4529,7224,0.41037879727523224
4529,7225,0.7168466370404281
4529,8111,0.6829207097634168
4529,8113,0.5059950111386707
4529,8114,0.4071639637402852
4529,8122,0.6561264851585253
4529,8123,0.40889441634378576
4529,8131,0.7025335748970444
4529,8134,0.462279889263862
4531,4532,0.5237736997369346
4531,4533,0.514791669969687
4531,4539,0.5445278588429905
4531,4543,0.4925109745721966
4531,4841,0.4304253353718277
4531,4842,0.4643358812778933
4531,4884,0.40444409926735886
4531,5221,0.4657878034378459
4531,5322,0.536787289500186
4531,5419,0.4361535530807848
4531,5621,0.4506186922376897
4531,5629,0.41775086443032794
4531,6211,0.4998394125781591
4531,6212,0.5443375312037632
4531,6213,0.5020929389484513
4531,6214,0.4771733286601976
4531,6216,0.424972141257127
4531,6219,0.44811815455736487
4531,6231,0.5683456002109974
4531,6232,0.4827230094527626
4531,6233,0.5134779833397197
4531,6241,0.44167595123790476
4531,6242,0.4581110332652643
4531,6244,0.4868077153133687
4531,7139,0.4382742230078577
4531,7224,0.4220897250189061
4531,7225,0.5452842788458369
4531,8111,0.5398984222684001
4531,8113,0.4274719517737608
4531,8114,0.40591314903104586
4531,8121,0.42787312402029914
4531,8122,0.5643832468465241
4531,8123,0.4178744540023864
4531,8131,0.5202808106886594
4531,8134,0.4811891540612203
4532,4533,0.5445916211728324
4532,4539,0.5907915483719531
4532,4543,0.5174241087926889
4532,4842,0.4010131764733371
4532,4884,0.42132696912880885
4532,5221,0.43112592918360465
4532,5311,0.40923078681690633
4532,5312,0.411008768335468
4532,5322,0.5442542993502815
4532,5419,0.4625060444963303
4532,5621,0.41588436507725624
4532,5629,0.4045255164857793
4532,6116,0.42492049418806277
4532,6211,0.5259972236914466
4532,6212,0.5678045647072556
4532,6213,0.5314052841969431
4532,6214,0.45085070993063897
4532,6216,0.40806435207494596
4532,6219,0.40844162254744254
4532,6231,0.49612519025141655
4532,6232,0.44089865375657494
4532,6233,0.5016890842171263
4532,6241,0.4380846940325879
4532,6242,0.4773067798374183
4532,6244,0.4828069134311555
4532,7139,0.5178758157928068
4532,7211,0.44611757849728356
4532,7212,0.4223549757572822
4532,7224,0.431478717477263
4532,7225,0.573434016802975
4532,8111,0.5482196855724786
4532,8114,0.4811190003116008
4532,8121,0.4724445203088498
4532,8122,0.4852624502972425
4532,8123,0.4330333639778554
4532,8131,0.4918641339239549
4532,8133,0.41580339379088344
4532,8134,0.4467497899284063
4533,4539,0.578731113950734
4533,4543,0.476138878403674
4533,4842,0.4044731381217533
4533,4884,0.4018459075997362
4533,5221,0.41773837493985216
4533,5312,0.4064888173790409
4533,5321,0.41814198667242014
4533,5322,0.530517945040129
4533,5419,0.4566308777467403
4533,5621,0.4188516577216185
4533,6211,0.5111880927536158
4533,6212,0.5370681740612365
4533,6213,0.49892168911544293
4533,6214,0.44244733497198063
4533,6219,0.4168470028216873
4533,6231,0.48055700935856155
4533,6232,0.43298975947300417
4533,6233,0.5473599599987401
4533,6242,0.4884466056592947
4533,6244,0.4530339938354607
4533,7139,0.48415117406802066
4533,7224,0.4140605765614663
4533,7225,0.5398500191812537
4533,8111,0.5267260428862229
4533,8114,0.43843807369949495
4533,8121,0.44663242099126604
4533,8122,0.4827058380715676
4533,8123,0.41175866213112816
4533,8131,0.49617785100835954
4533,8134,0.45776811682329366
4539,4543,0.5682438300683343
4539,4841,0.45983799866335456
4539,4842,0.5048094010290145
4539,4884,0.433487520329327
4539,5221,0.5562716627937401
4539,5242,0.4019710022810382
4539,5311,0.48162537090603347
4539,5312,0.4547993763504957
4539,5322,0.6298262304417238
4539,5419,0.5555232399850799
4539,5617,0.4716942989581906
4539,5621,0.44125572507776023
4539,5629,0.40719825862700443
4539,6116,0.4025712059737814
4539,6211,0.5761242571854138
4539,6212,0.6595324106246347
4539,6213,0.623344930244025
4539,6214,0.5497457324815878
4539,6216,0.4551778836466
4539,6219,0.40907766235965676
4539,6231,0.5455824484787347
4539,6232,0.48614888456304833
4539,6233,0.5414083971248986
4539,6241,0.5033050944728599
4539,6242,0.4807002298226266
4539,6244,0.5649692582760965
4539,7139,0.5306334748080221
4539,7211,0.4323297774906174
4539,7212,0.44101322159456996
4539,7224,0.43785448297488355
4539,7225,0.6844393354227487
4539,8111,0.6446854966470656
4539,8113,0.4359828615069829
4539,8114,0.5013585826565579
4539,8121,0.4807319557488663
4539,8122,0.5811854716140141
4539,8123,0.41587798879343063
4539,8131,0.602425490067891
4539,8134,0.5002496100899839
4543,4841,0.5016830095262225
4543,4842,0.530786632923111
4543,5221,0.5741934506927189
4543,5242,0.4419466822257727
4543,5311,0.40887123558651445
4543,5312,0.41671991269948555
4543,5322,0.5317172468010123
4543,5419,0.5494207110690968
4543,5617,0.44273685059992063
4543,5621,0.41386635296577623
4543,6211,0.5025637372476008
4543,6212,0.6377920472974999
4543,6213,0.5975374413029912
4543,6214,0.4815791577479802
4543,6216,0.40161511535184263
4543,6219,0.4059929324702628
4543,6231,0.5399988113438976
4543,6232,0.4833855883145101
4543,6233,0.5108987619685381
4543,6241,0.5019674371673005
4543,6242,0.4138642240181557
4543,6244,0.5509943325917015
4543,7139,0.5323706350116373
4543,7211,0.434925500586133
4543,7212,0.4742376041376452
4543,7224,0.4776274707377626
4543,7225,0.6361173234899229
4543,8111,0.6593024640172704
4543,8113,0.43776113826726804
4543,8114,0.4474850627000663
4543,8121,0.44130429931576604
4543,8122,0.5655355240732403
4543,8131,0.5937404082367073
4543,8134,0.5212548929348473
4811,4851,0.4094615124266628
4811,4881,0.4360491817317043
4831,4883,0.5129340840404806
4841,4842,0.670600431338147
4841,5221,0.644121724579247
4841,5242,0.534248371423091
4841,5322,0.4732568527043023
4841,5412,0.4097498313040442
4841,5419,0.5092755976498721
4841,5617,0.40103969652115407
4841,6211,0.4629887025161673
4841,6212,0.5711245934253851
4841,6213,0.5947093646762668
4841,6214,0.4139402994602241
4841,6231,0.5045931298299607
4841,6233,0.4603392506677322
4841,6241,0.4541065780879377
4841,6244,0.5413916640039496
4841,7139,0.4268123340207389
4841,7224,0.4707843847573862
4841,7225,0.6634374302002589
4841,8111,0.6842854895280162
4841,8113,0.5199973716771198
4841,8122,0.573474320606293
4841,8131,0.6951836029214209
4841,8134,0.47397070896287563
4842,5221,0.7084153271613893
4842,5242,0.5805301910779369
4842,5311,0.4424674288201739
4842,5322,0.49224135851986905
4842,5412,0.4213824046976497
4842,5419,0.5648129275911546
4842,5617,0.4407481790254714
4842,6211,0.46618370728240016
4842,6212,0.6455418080595022
4842,6213,0.6481224097259253
4842,6214,0.46398956700196914
4842,6231,0.545831206924722
4842,6233,0.4546333703566946
4842,6241,0.5370824275010843
4842,6244,0.5760256411245676
4842,7139,0.4696088633191702
4842,7211,0.40378112834351704
4842,7224,0.517683030013601
4842,7225,0.7340848368782606
4842,8111,0.7613499840886786
4842,8113,0.5566898306404293
4842,8122,0.5949027027849362
4842,8131,0.7477353770608925
4842,8134,0.5105849336548715
4859,6221,0.42486553782323455
4871,4879,0.43915503282683993
4872,4883,0.4257487955733287
4881,5321,0.4085026435906939
4884,7225,0.40412669178071836
4884,8111,0.4079378765681492
4921,5151,0.47093520378284387
4921,5321,0.43655271796669787
5112,5182,0.4670876041770173
5112,5241,0.4138471296817637
5112,5415,0.45918701329446865
5112,6114,0.408248290463863
5151,5321,0.47109025388990494
5151,6219,0.4183175783276516
5151,6221,0.4250698434468944
5151,6242,0.4327423224079155
5151,8123,0.4021351759828364
5152,5174,0.40422604172722165
5171,5221,0.40563131987364204
5171,7225,0.4054275914007819
5171,8111,0.40952224075828547
5182,5331,0.4100154060290008
5182,6114,0.43490180819783764
5221,5222,0.45783849841159735
5221,5242,0.6882075265365388
5221,5311,0.49647095447788603
5221,5312,0.4300759566402497
5221,5322,0.5430720037093091
5221,5411,0.45683715203871766
5221,5412,0.5346436360513802
5221,5419,0.6273656855094499
5221,5617,0.47340690658056894
5221,6211,0.5503257355064406
5221,6212,0.7102536144680482
5221,6213,0.7422293368482817
5221,6214,0.5036361306114954
5221,6216,0.44111443464747097
5221,6231,0.5483912388159459
5221,6233,0.46959905530398843
5221,6241,0.5959970830356197
5221,6244,0.6471001025998103
5221,7139,0.5227304832652523
5221,7211,0.5091420879967543
5221,7224,0.5552722119446444
5221,7225,0.8198369876204722
5221,8111,0.7909526327895913
5221,8113,0.5052200370992924
5221,8121,0.43119232305457184
5221,8122,0.6335674940202329
5221,8131,0.8268063095173958
5221,8134,0.553165840320514
5221,8139,0.42006042436933766
5222,7225,0.4639728433558988
5222,8131,0.4535980613040554
5242,5311,0.4140289850101681
5242,5411,0.43227847477583015
5242,5412,0.5148273589145348
5242,5419,0.5221819619970259
5242,5617,0.4173252127056459
5242,6211,0.4274317190523789
5242,6212,0.5712971261364755
5242,6213,0.6105421166946912
5242,6231,0.40885248095279303
5242,6241,0.4702248640969833
5242,6244,0.49584434294563595
5242,7139,0.4338316518330406
5242,7224,0.46472589256124314
5242,7225,0.6519349688314588
5242,8111,0.653238985395659
5242,8113,0.4083243876767046
5242,8122,0.4784933288555213
5242,8131,0.6775757097192503
5242,8134,0.4441041167912643
5311,5312,0.43903168587877145
5311,5322,0.427572377659042
5311,5419,0.4873951052414362
5311,5617,0.41293016742947847
5311,6211,0.4424981080098707
5311,6212,0.5458347122299795
5311,6213,0.5093150230953978
5311,6214,0.40488774684745304
5311,6241,0.4141101124249197
5311,6244,0.48036705951617853
5311,7139,0.4519065557923843
5311,7211,0.44102777067379156
5311,7224,0.4219882099978421
5311,7225,0.5756385369414269
5311,8111,0.5506004944718328
5311,8121,0.40042473867085865
5311,8122,0.4138338772675056
5311,8131,0.5170326788171159
5311,8134,0.4112220145883287
5312,5313,0.422287253031321
5312,5419,0.5267134877243816
5312,5617,0.45246144833466434
5312,6212,0.4953377137839774
5312,6213,0.48239117032347245
5312,6244,0.4323894956727506
5312,7139,0.49660445867466324
5312,7211,0.4750661893257779
5312,7225,0.5337890807244291
5312,8111,0.4860028144775429
5312,8114,0.4096167036634922
5312,8131,0.4536499760645922
5321,6115,0.4367361475539594
5321,6215,0.40583780025191646
5321,6221,0.4140340041348825
5321,8123,0.4299711966613038
5322,5419,0.48765183990514915
5322,6211,0.5739949150919069
5322,6212,0.607650211040337
5322,6213,0.5587042360479297
5322,6214,0.5312517617175571
5322,6216,0.496627124389322
5322,6219,0.40603849069841647
5322,6231,0.5650024724532047
5322,6232,0.44100866914704656
5322,6233,0.4874664624743029
5322,6241,0.48236814914705645
5322,6242,0.4685712478024932
5322,6244,0.5259882640429968
5322,7139,0.4478784974411338
5322,7211,0.4210149246717607
5322,7212,0.4082285432559672
5322,7225,0.6616012478162183
5322,8111,0.5971867498412425
5322,8113,0.43132153416533003
5322,8114,0.4027632484078953
5322,8122,0.6129565445636072
5322,8123,0.42039595345960745
5322,8131,0.6010485836238545
5322,8134,0.4993113979104382
5411,5412,0.4019556791242317
5411,6213,0.41442596178159913
5411,7225,0.43446608774065076
5411,8111,0.4007195021803745
5411,8131,0.4308822938771012
5412,5419,0.43383442543698214
5412,6212,0.4832475794116986
5412,6213,0.4906270260846606
5412,6244,0.4065678419561642
5412,7225,0.5298556643844532
5412,8111,0.5118181694250787
5412,8131,0.536889388605642
5415,5416,0.42956695007205775
5415,5417,0.4478273662204099
5419,5617,0.510369422610496
5419,6116,0.4045866799068262
5419,6211,0.47531994914378894
5419,6212,0.6559163979284185
5419,6213,0.6552100325307669
5419,6214,0.4234610383395454
5419,6231,0.4844226494348518
5419,6233,0.4896896345437168
5419,6241,0.46838408254173347
5419,6244,0.5944972043178082
5419,7139,0.5675705163917766
5419,7211,0.45369431431144347
5419,7212,0.4190477483294964
5419,7224,0.475484373926302
5419,7225,0.6948541132126296
5419,8111,0.6813885381197117
5419,8113,0.43889467791443454
5419,8114,0.4476968736548598
5419,8121,0.47809625077446116
5419,8122,0.5291781394201852
5419,8131,0.6585701003771759
5419,8134,0.46811055063546003
5616,6112,0.41964978891536997
5617,6211,0.44878922079956685
5617,6212,0.5285271663590942
5617,6213,0.5126062130207646
5617,6233,0.4081671295921723
5617,6244,0.48123663459000565
5617,7139,0.5023975105987335
5617,7225,0.5651216846884313
5617,8111,0.5475537820161858
5617,8114,0.40305375901633866
5617,8121,0.4250951450592457
5617,8122,0.41960538900855754
5617,8131,0.5407398228805002
5621,5629,0.44438467382529223
5621,6211,0.4014932801695742
5621,6212,0.42360220593847775
5621,6231,0.4341563448751174
5621,6233,0.43245387150474196
5621,7225,0.4060417878986956
5621,8111,0.44362574085560585
5621,8122,0.4230021778580325
5629,6116,0.40128621596920544
5629,6212,0.4094367322169447
5629,6233,0.4006738885032061
5629,8111,0.4055907598605147
6112,6223,0.4052818694009866
6114,6117,0.425435629811517
6115,6221,0.40346201911611246
6116,6212,0.4185230669637921
6116,7139,0.45508982073685317
6116,8121,0.4777196734849569
6211,6212,0.6133957798280639
6211,6213,0.60004518697904
6211,6214,0.5227832122480492
6211,6216,0.48443105825478106
6211,6219,0.4479117948463324
6211,6231,0.5336119126937158
6211,6232,0.4346288277168806
6211,6233,0.5006054986630223
6211,6241,0.5116541561356227
6211,6242,0.42683359273591676
6211,6244,0.5275715486135207
6211,7139,0.4497314847326375
6211,7225,0.6471009115922087
6211,8111,0.6052394316175941
6211,8113,0.4017381909591098
6211,8114,0.40874267805197706
6211,8121,0.43300774654017377
6211,8122,0.6016718445601184
6211,8123,0.4243426083846491
6211,8131,0.6232046284064078
6211,8134,0.4633917315897757
6212,6213,0.7569278380298556
6212,6214,0.5504587281249972
6212,6216,0.474904144023457
6212,6231,0.5824987376036059
6212,6232,0.4838684247934426
6212,6233,0.5867538671936438
6212,6241,0.5811019441836323
6212,6242,0.46689830236850094
6212,6244,0.6567489052004876
6212,7139,0.604763482224339
6212,7211,0.49103389371433076
6212,7212,0.4386730311342048
6212,7224,0.5321290364130795
6212,7225,0.8050884890652419
6212,8111,0.7919660958196671
6212,8113,0.5065870870661392
6212,8114,0.46752571107967184
6212,8121,0.5394406302939071
6212,8122,0.6369832604230878
6212,8123,0.40089992934675783
6212,8131,0.7549021389708833
6212,8134,0.5632842084596816
6212,8139,0.404136734263136
6213,6214,0.5325632668093072
6213,6216,0.44389849785116847
6213,6231,0.5553336556462345
6213,6232,0.4577454869331333
6213,6233,0.551795266738084
6213,6241,0.6004142571136566
6213,6242,0.41580329673545774
6213,6244,0.6412539892530403
6213,7139,0.5838896531501759
6213,7211,0.4929642847502508
6213,7212,0.4217079525952432
6213,7224,0.5416318193160461
6213,7225,0.7858448310714802
6213,8111,0.779583577821049
6213,8113,0.48506922943166
6213,8114,0.43460007076290796
6213,8121,0.5144383234591108
6213,8122,0.6174287519342113
6213,8131,0.7557804188638587
6213,8134,0.5504337173338845
6213,8139,0.41410612384841
6214,6216,0.4644246271789399
6214,6219,0.44981585393143725
6214,6231,0.4975111602824559
6214,6232,0.46649950553841274
6214,6233,0.44025740120476725
6214,6241,0.5331511788419359
6214,6242,0.4805685704757294
6214,6244,0.4732315666780424
6214,7225,0.5702449056902241
6214,8111,0.5486344965458506
6214,8122,0.5387055373856099
6214,8131,0.5192148843350917
6214,8134,0.4803457998133758
6215,6221,0.42211588240886905
6215,6239,0.41674678716864105
6216,6231,0.47175409779182925
6216,6232,0.4160516819233685
6216,6233,0.4016222290677107
6216,6241,0.41841611597727696
6216,6244,0.45328785379202263
6216,7225,0.5012005292925357
6216,8111,0.4763578976486774
6216,8122,0.5042831027656179
6216,8131,0.47418653340937644
6219,6221,0.4185110693297313
6219,6231,0.4179977152240818
6219,6232,0.42409175579476627
6219,6242,0.40925925925925927
6219,8122,0.43674461175585905
6219,8123,0.400862284393452
6221,6223,0.4447675593140554
6221,6239,0.41391867719235786
6221,6243,0.40625930148935674
6231,6232,0.511527653240586
6231,6233,0.5054091935059994
6231,6241,0.4873815241837573
6231,6242,0.4532350652788082
6231,6244,0.5471598870462034
6231,7139,0.45363558301037454
6231,7224,0.44059911069382207
6231,7225,0.6122581998810658
6231,8111,0.6138796220951611
6231,8113,0.48794695213159256
6231,8121,0.401381037734279
6231,8122,0.6661818455290919
6231,8123,0.404263983776809
6231,8131,0.6163038941524747
6231,8134,0.513788223902647
6232,6233,0.5095098374807113
6232,6241,0.4777603779184306
6232,6242,0.45107941298170595
6232,6243,0.40681620659357604
6232,6244,0.43146324977124223
6232,7139,0.4253299351067423
6232,7224,0.42701352971952244
6232,7225,0.4719200053410531
6232,8111,0.5000314293335921
6232,8121,0.4246539745143923
6232,8122,0.5010659023565172
6232,8131,0.4502921322709099
6232,8134,0.46038711503685487
6233,6241,0.47075292041404354
6233,6242,0.47889560048990054
6233,6244,0.5127755137354458
6233,7139,0.5193090213747085
6233,7212,0.41028871061985983
6233,7224,0.4761017683241749
6233,7225,0.5678084304055467
6233,8111,0.5743113653332439
6233,8113,0.40237511543803334
6233,8114,0.4209180649955001
6233,8121,0.4752042332066149
6233,8122,0.5290037440702193
6233,8131,0.5376369644957621
6233,8134,0.49392335577625956
6241,6242,0.45551377080067407
6241,6244,0.515736024393122
6241,7139,0.45793082911891686
6241,7211,0.419487605864791
6241,7224,0.4675242210477008
6241,7225,0.6300631825049805
6241,8111,0.6078502374662191
6241,8121,0.41156029180058024
6241,8122,0.5590888624890477
6241,8131,0.5936857526841792
6241,8134,0.5144483429696849
6242,6244,0.40324145935243616
6242,7224,0.4018603278504551
6242,7225,0.4598305144695406
6242,8111,0.4420687344958004
6242,8122,0.44856240713278234
6242,8123,0.40815068956424205
6242,8133,0.43634921911886243
6242,8134,0.44373290666975945
6244,7139,0.5363758527738213
6244,7224,0.4506186635385382
6244,7225,0.6988964848844801
6244,8111,0.6937760067424532
6244,8113,0.46045602930907936
6244,8114,0.42761231778946485
6244,8121,0.48853588347578153
6244,8122,0.5935885493856605
6244,8131,0.692563257234715
6244,8134,0.4740313004946475
7139,7211,0.4376185559619479
7139,7212,0.4450693653313113
7139,7224,0.5145986381420574
7139,7225,0.6125544379596191
7139,8111,0.6087891756972439
7139,8114,0.4505149179222086
7139,8121,0.5308564866240246
7139,8122,0.4545472288428985
7139,8131,0.5564321769854067
7139,8133,0.40053231069776835
7139,8134,0.48161982950960375
7211,7212,0.44560574539881787
7211,7224,0.4595144793711629
7211,7225,0.5688368736550278
7211,8111,0.5183465999231404
7211,8131,0.47303470871451714
7211,8134,0.41027959782769735
7212,7225,0.46391187388571886
7212,8111,0.4497344290628926
7224,7225,0.5672264004591834
7224,8111,0.5761280359772324
7224,8121,0.4448708176301581
7224,8122,0.4604635675381741
7224,8131,0.5358804570910409
7224,8134,0.5543357063299179
7224,8139,0.42815457547102387
7225,8111,0.8615487018747816
7225,8113,0.5496393112829036
7225,8114,0.46392731839586737
7225,8121,0.5157728991088011
7225,8122,0.7014616935970902
7225,8123,0.40561082620867717
7225,8131,0.878742311903657
7225,8134,0.5950460418062766
7225,8139,0.4560391509315131
8111,8113,0.5811464178862941
8111,8114,0.4554151885558706
8111,8121,0.5271217726936299
8111,8122,0.6909324358880957
8111,8131,0.8438092863007307
8111,8134,0.6025094577607546
8111,8139,0.419856272517722
8113,8122,0.5153402820537206
8113,8131,0.5774813802827574
8114,8131,0.41937573938137046
8121,8122,0.4219922439057509
8121,8131,0.48986950202409046
8121,8134,0.4516345008893433
8122,8123,0.42593645848090855
8122,8131,0.7068109687288268
8122,8134,0.5451340096028926
8131,8134,0.5723770307101596
8131,8139,0.4204899851671864
